reference_id,reference_text,initial_status,peer_reviewed_yes_no,doi_or_arxiv,venue_verified,keep_replace_remove,target_section,audit_notes
1,"Shrestha, S., Ababneh, M., Misra, S., Cathey, H. M., Vishwanathan, R., Jansen, M., Choi, J., Bobba, R., & Jang, Y. (2025). A Comprehensive Survey of Unmanned Aerial Systems' Risks and Mitigation Strategies. arXiv:2506.10327.",verify_uav_specific_source,,,,,,
2,"Sharifi, I., Ghazanfari, M., Taye, A., Wei, P., Ahmed, M. H., Kim, H. T., Ghasemi, M., Gupta, V., Dahle, N., Canady, R., Gonzalez, A. D., Coursey, A., Bjorkman, B., Lemieux-Mack, C., Ward, B. C., Koutsoukos, X., Biswas, G., Herencia-Zapana, H., Hasan, S., Amundson, I., Fotiadis, F., Topcu, U., Lu, J., Chen, Q. A., Aryal, N., Ibrahim, A., Ras, A. K., & Shirkhodaie, A. (2026). A Survey of Security Challenges and Solutions for UAS Traffic Management and Small Unmanned Aerial Systems. arXiv:2601.08229.",verify_uav_specific_source,,,,,,
3,"Mykytyn, P., Brzozowski, M., Dyka, Z., & Langendoerfer, P. (2023). GPS-Spoofing Attack Detection Mechanism for UAV Swarms. arXiv:2301.12766.",verify_uav_specific_source,,,,,,
4,"Bi, S., Li, K., Hu, S., Ni, W., Wang, C., & Wang, X. (2023). Detection and Mitigation of Position Spoofing Attacks on Cooperative UAV Swarm Formations. arXiv:2312.03787.",verify_uav_specific_source,,,,,,
5,"Zhou, Y., Xiao, J., Zhou, Y., & Loianno, G. (2022). Multi-Robot Collaborative Perception with Graph Neural Networks. arXiv:2201.01760.",verify_uav_specific_source,,,,,,
6,"Li, P., Wang, L., Wu, W., Zhou, F., Wang, B., & Wu, Q. (2022). Graph Neural Network-Based Scheduling for Multi-UAV-Enabled Communications in D2D Networks. arXiv:2202.07115.",verify_uav_specific_source,,,,,,
7,"Cuzin-Rambaud, V., Matignon, L., & Morge, M. (2026). A Survey of Multi-Agent Deep Reinforcement Learning with Graph Neural Network-Based Communication. arXiv:2604.25972.",verify_uav_specific_source,,,,,,
8,"Kipf, T. N., & Welling, M. (2016). Semi-Supervised Classification with Graph Convolutional Networks. arXiv:1609.02907.",likely_keep_foundational,,,,,,
9,"Veličković, P., Cucurull, G., Casanova, A., Romero, A., Liò, P., & Bengio, Y. (2017). Graph Attention Networks. arXiv:1710.10903.",likely_keep_foundational,,,,,,
10,"Zhou, J., Cui, G., Hu, S., Zhang, Z., Yang, C., Liu, Z., Wang, L., Li, C., & Sun, M. (2018). Graph Neural Networks: A Review of Methods and Applications. arXiv:1812.08434.",likely_keep_foundational,,,,,,
11,"Vaswani, A., Shazeer, N., Parmar, N., Uszkoreit, J., Jones, L., Gomez, A. N., Kaiser, L., & Polosukhin, I. (2017). Attention Is All You Need. arXiv:1706.03762.",likely_keep_foundational,,,,,,
12,"Zhou, H., Zhang, S., Peng, J., Zhang, S., Li, J., Xiong, H., & Zhang, W. (2020). Informer: Beyond Efficient Transformer for Long Sequence Time-Series Forecasting. arXiv:2012.07436.",likely_keep_foundational,,,,,,
13,"Darban, Z. Z., Webb, G. I., Pan, S., Aggarwal, C. C., & Salehi, M. (2022). Deep Learning for Time Series Anomaly Detection: A Survey. arXiv:2211.05244.",likely_keep_foundational,,,,,,
14,"Hochreiter, S., & Schmidhuber, J. (1997). Long Short-Term Memory. Neural Computation.",likely_keep_foundational,,,,,,
15,"Cho, K., van Merrienboer, B., Gulcehre, C., Bahdanau, D., Bougares, F., Schwenk, H., & Bengio, Y. (2014). Learning Phrase Representations using RNN Encoder-Decoder for Statistical Machine Translation. arXiv:1406.1078.",likely_keep_foundational,,,,,,
16,"Kingma, D. P., & Ba, J. (2014). Adam: A Method for Stochastic Optimization. arXiv:1412.6980.",likely_keep_foundational,,,,,,
17,"Ioffe, S., & Szegedy, C. (2015). Batch Normalization: Accelerating Deep Network Training by Reducing Internal Covariate Shift. arXiv:1502.03167.",likely_keep_foundational,,,,,,
18,"Guo, C., Pleiss, G., Sun, Y., & Weinberger, K. Q. (2017). On Calibration of Modern Neural Networks. arXiv:1706.04599.",likely_keep_foundational,,,,,,
19,"Gal, Y., & Ghahramani, Z. (2015). Dropout as a Bayesian Approximation: Representing Model Uncertainty in Deep Learning. arXiv:1506.02142.",likely_keep_foundational,,,,,,
20,"Lakshminarayanan, B., Pritzel, A., & Blundell, C. (2016). Simple and Scalable Predictive Uncertainty Estimation using Deep Ensembles. arXiv:1612.01474.",likely_keep_foundational,,,,,,
21,"Maddox, W. J., Garipov, T., Izmailov, P., Vetrov, D., & Wilson, A. G. (2019). A Simple Baseline for Bayesian Uncertainty in Deep Learning. arXiv:1902.02476.",likely_keep_foundational,,,,,,
22,"Ovadia, Y., Fertig, E., Ren, J., Nado, Z., Sculley, D., Nowozin, S., Dillon, J. V., Lakshminarayanan, B., & Snoek, J. (2019). Can You Trust Your Model's Uncertainty? Evaluating Predictive Uncertainty Under Dataset Shift. arXiv:1906.02530.",likely_keep_foundational,,,,,,
23,"Kendall, A., & Gal, Y. (2017). What Uncertainties Do We Need in Bayesian Deep Learning for Computer Vision? arXiv:1703.04977.",likely_keep_foundational,,,,,,
24,"Gawlikowski, J., Tassi, C. R. N., Ali, M., Lee, J., Humt, M., Feng, J., Kruspe, A., Triebel, R., Jung, P., Roscher, R., Shahzad, M., Yang, W., Bamler, R., & Zhu, X. X. (2021). A Survey of Uncertainty in Deep Neural Networks. arXiv:2107.03342.",likely_keep_foundational,,,,,,
25,"Hendrycks, D., & Gimpel, K. (2016). A Baseline for Detecting Misclassified and Out-of-Distribution Examples in Neural Networks. arXiv:1610.02136.",likely_keep_foundational,,,,,,
26,"Liang, S., Li, Y., & Srikant, R. (2017). Enhancing the Reliability of Out-of-Distribution Image Detection in Neural Networks. arXiv:1706.02690.",likely_keep_foundational,,,,,,
27,"Hsu, Y.-C., Shen, Y., Jin, H., & Kira, Z. (2020). Generalized ODIN: Detecting Out-of-Distribution Image without Learning from Out-of-Distribution Data. arXiv:2002.11297.",likely_keep_foundational,,,,,,
28,"Hendrycks, D., Mazeika, M., & Dietterich, T. (2018). Deep Anomaly Detection with Outlier Exposure. arXiv:1812.04606.",likely_keep_foundational,,,,,,
29,"Ribeiro, M. T., Singh, S., & Guestrin, C. (2016). “Why Should I Trust You?” Explaining the Predictions of Any Classifier. arXiv:1602.04938.",likely_keep_foundational,,,,,,
30,"Lundberg, S. M., & Lee, S.-I. (2017). A Unified Approach to Interpreting Model Predictions. arXiv:1705.07874.",likely_keep_foundational,,,,,,
31,"Adebayo, J., Gilmer, J., Muelly, M., Goodfellow, I., Hardt, M., & Kim, B. (2018). Sanity Checks for Saliency Maps. arXiv:1810.03292.",likely_keep_foundational,,,,,,
32,"Gunning, D., Stefik, M., Choi, J., Miller, T., Stumpf, S., & Yang, G.-Z. (2019). XAI—Explainable Artificial Intelligence. Science Robotics.",likely_keep_foundational,,,,,,
33,"Schulman, J., Wolski, F., Dhariwal, P., Radford, A., & Klimov, O. (2017). Proximal Policy Optimization Algorithms. arXiv:1707.06347.",likely_keep_foundational,,,,,,
34,"Mekdad, Y., Aris, A., Babun, L., Fergougui, A. E., Conti, M., Lazzeretti, R., & Uluagac, A. S. (2023). A survey on security and privacy issues of UAVs. Computer Networks, 224.",verify_or_replace_with_peer_reviewed,,,,,,
35,"Menouar, H., Guvenc, I., Akkaya, K., Uluagac, A. S., Kadri, A., & Tuncer, A. (2017). UAV-enabled intelligent transportation systems for the smart city: Applications and challenges. IEEE Communications Magazine, 55(3).",verify_or_replace_with_peer_reviewed,,,,,,
36,"Sikder, A. K., Petracca, G., Aksu, H., Jaeger, T., & Uluagac, A. S. (2021). A survey on sensor-based threats and attacks to smart devices and applications. IEEE Communications Surveys & Tutorials.",verify_or_replace_with_peer_reviewed,,,,,,
37,"Uluagac, A. S., Subramanian, V., & Beyah, R. (2014). Sensory channel threats to cyber-physical systems: A wake-up call. IEEE Conference on Communications and Network Security.",verify_or_replace_with_peer_reviewed,,,,,,
38,"Yang, J., Cui, M., Zhang, H., Ji, F., Lai, Z., & Wang, Y. (2025). Agent-Based Anti-Jamming Techniques for UAV Communications in Adversarial Environments: A Comprehensive Survey. arXiv:2508.11687.",verify_or_replace_with_peer_reviewed,,,,,,
39,"Lu, X., Xiao, L., Dai, C., & Dai, H. (2018). UAV-Aided Cellular Communications with Deep Reinforcement Learning Against Jamming. arXiv:1805.06628.",verify_or_replace_with_peer_reviewed,,,,,,
40,"Wang, X., & Gursoy, M. C. (2023). Robust and Decentralized Reinforcement Learning for UAV Path Planning in IoT Networks. arXiv:2312.06250.",verify_or_replace_with_peer_reviewed,,,,,,
41,"Krayani, A., Sadati, S. F., Marcenaro, L., & Regazzoni, C. (2025). Bayesian Active Inference for Intelligent UAV Anti-Jamming and Adaptive Trajectory Planning. arXiv:2512.05711.",verify_or_replace_with_peer_reviewed,,,,,,
42,"Nguyen, T. D., Nguyen, N.-T., Nguyen, T.-D., Huynh, N. V., Tran, D.-H., & Chatzinotas, S. (2025). Multi-Agent Deep Reinforcement Learning for Collaborative UAV Relay Networks under Jamming Attacks. arXiv:2512.08341.",verify_or_replace_with_peer_reviewed,,,,,,
43,"Sathaye, H., LaMountain, G., Closas, P., & Ranganathan, A. (2021). SemperFi: A Spoofer Eliminating GPS Receiver for UAVs. arXiv:2105.01860.",verify_or_replace_with_peer_reviewed,,,,,,
44,"Abrar, M. M., Youssef, A., Islam, R., Satam, S., Latibari, B. S., Hariri, S., Shao, S., Salehi, S., & Satam, P. (2024). GPS-IDS: An Anomaly-based GPS Spoofing Attack Detection Framework for Autonomous Vehicles. arXiv:2405.08359.",verify_or_replace_with_peer_reviewed,,,,,,
45,"Panda, D. K., & Guo, W. (2025). Real-Time Bayesian Detection of Drift-Evasive GNSS Spoofing in Reinforcement Learning Based UAV Deconfliction. arXiv:2507.11173.",verify_or_replace_with_peer_reviewed,,,,,,
46,"Mykytyn, P., Brzozowski, M., Dyka, Z., & Langendoerfer, P. (2023). GPS-Spoofing Attack Detection Mechanism for UAV Swarms. arXiv:2301.12766.",possible_duplicate_check,,,,,,
47,"Bi, S., Li, K., Hu, S., Ni, W., Wang, C., & Wang, X. (2023). Detection and Mitigation of Position Spoofing Attacks on Cooperative UAV Swarm Formations. arXiv:2312.03787.",possible_duplicate_check,,,,,,
48,"Westheider, J., Rückin, J., & Popović, M. (2023). Multi-UAV Adaptive Path Planning Using Deep Reinforcement Learning. arXiv:2303.01150.",verify_or_replace_with_peer_reviewed,,,,,,
49,"Bayerlein, H., Theile, M., Caccamo, M., & Gesbert, D. (2020). Multi-UAV Path Planning for Wireless Data Harvesting with Deep Reinforcement Learning. arXiv:2010.12461.",verify_or_replace_with_peer_reviewed,,,,,,
50,"Ramezani, M., Habibi, H., Sanchez-Lopez, J. L., & Voos, H. (2023). UAV Path Planning Employing MPC-Reinforcement Learning Method Considering Collision Avoidance. arXiv:2302.10669.",verify_or_replace_with_peer_reviewed,,,,,,
51,"Lowe, R., Wu, Y., Tamar, A., Harb, J., Abbeel, P., & Mordatch, I. (2017). Multi-Agent Actor-Critic for Mixed Cooperative-Competitive Environments. arXiv:1706.02275.",verify_or_replace_with_peer_reviewed,,,,,,
52,"Rashid, T., Samvelyan, M., Schroeder, C., Farquhar, G., Foerster, J., & Whiteson, S. (2018). QMIX: Monotonic Value Function Factorisation for Deep Multi-Agent Reinforcement Learning. arXiv:1803.11485.",verify_or_replace_with_peer_reviewed,,,,,,
53,"Foerster, J., Farquhar, G., Afouras, T., Nardelli, N., & Whiteson, S. (2018). Counterfactual Multi-Agent Policy Gradients. arXiv:1705.08926.",verify_or_replace_with_peer_reviewed,,,,,,
54,"Biggio, B., & Roli, F. (2018). Wild Patterns: Ten Years After the Rise of Adversarial Machine Learning. Pattern Recognition.",verify_or_replace_with_peer_reviewed,,,,,,
55,"Goodfellow, I., McDaniel, P., & Papernot, N. (2018). Making Machine Learning Robust Against Adversarial Inputs. Communications of the ACM.",verify_or_replace_with_peer_reviewed,,,,,,
